app_id,current_players
730,1380146
570,540425
440,46100
578080,280946
271590,79496
1172470,90012
1085660,8430
381210,53570
1091500,28670
1245620,31339
1938090,34347
252490,115510
1599340,12536
413150,49496
814380,2666
292030,14761
553850,37167
236390,64659
394360,41854
1086940,45559
